campaign_id,campaign_name,channel,impressions,clicks,spend,conversions,revenue,customer_id,customer_segment,campaign_start_date
CMP-1000,Google Ads_Small_New_Sep,Google Ads,50129,2191,1061.81,68,4460.93,11829,New,2025-09-09
CMP-1001,Facebook_Large_New_Dec,Facebook,742729,76636,16239.78,1594,192566.77,14468,New,2025-12-21
CMP-1002,Google Ads_Small_Low-Value_Jul,Google Ads,25226,1143,530.88,30,763.64,10768,Low-Value,2025-07-09
CMP-1003,Facebook_Large_Returning_Nov,Facebook,887705,80684,17336.18,1569,124143.85,10218,Returning,2025-11-07
CMP-1004,LinkedIn_Large_Returning_Dec,LinkedIn,590057,10819,34474.12,512,48950.78,14465,Returning,2025-12-14
CMP-1005,Email_Large_Returning_Oct,Email,3643279,549603,4140.7,22796,1245688.36,12279,Returning,2025-10-23
CMP-1006,Google Ads_Medium_Returning_Dec,Google Ads,238249,7871,6860.36,278,40744.57,12788,Returning,2025-12-26
CMP-1007,Instagram_Medium_Returning_Aug,Instagram,520362,52394,8467.18,843,79254.86,10838,Returning,2025-08-25
CMP-1008,Google Ads_Medium_Low-Value_Jul,Google Ads,118822,3867,2976.31,135,3748.06,12818,Low-Value,2025-07-25
CMP-1009,LinkedIn_Large_High-Value_Jul,LinkedIn,675036,13609,36500.89,693,123165.62,13764,High-Value,2025-07-12
CMP-1010,LinkedIn_Small_New_Oct,LinkedIn,43389,1020,1954.38,59,6477.61,14523,New,2025-10-05
CMP-1011,Instagram_Small_High-Value_Nov,Instagram,104859,11052,1882.81,135,26837.94,10570,High-Value,2025-11-25
CMP-1012,Google Ads_Small_Returning_Sep,Google Ads,39358,1781,1083.02,50,3904.67,11908,Returning,2025-09-13
CMP-1013,Google Ads_Medium_Low-Value_Sep,Google Ads,217229,9739,6341.57,242,12004.8,12989,Low-Value,2025-09-10
CMP-1014,Facebook_Small_High-Value_Sep,Facebook,81028,5850,1658.37,131,33539.75,12188,High-Value,2025-09-29
CMP-1015,Google Ads_Large_Returning_Nov,Google Ads,1736379,57621,39160.29,1630,100386.66,12006,Returning,2025-11-14
CMP-1016,Facebook_Medium_Low-Value_Oct,Facebook,519111,43559,8904.83,719,21087.89,14563,Low-Value,2025-10-06
CMP-1017,Facebook_Small_High-Value_Jul,Facebook,59916,5689,987.77,131,28929.02,10263,High-Value,2025-07-15
CMP-1018,Instagram_Small_Low-Value_Sep,Instagram,49156,6514,679.39,100,4312.9,11729,Low-Value,2025-09-07
CMP-1019,LinkedIn_Large_High-Value_Aug,LinkedIn,600447,11660,29751.82,472,78438.71,14090,High-Value,2025-08-24
CMP-1020,Email_Medium_Low-Value_Aug,Email,237428,32969,225.14,1323,62481.31,11144,Low-Value,2025-08-06
CMP-1021,Facebook_Medium_High-Value_Nov,Facebook,213952,21224,3994.34,378,61064.76,14781,High-Value,2025-11-27
CMP-1022,Email_Small_High-Value_Aug,Email,80797,14202,93.46,638,156316.74,14175,High-Value,2025-08-26
CMP-1023,Email_Small_New_Jul,Email,202670,26589,180.72,1230,127839.1,11253,New,2025-07-13
CMP-1024,Facebook_Small_Low-Value_Nov,Facebook,110126,9189,1711.16,155,4159.9,13153,Low-Value,2025-11-30
CMP-1025,Email_Medium_Low-Value_Nov,Email,610591,104804,541.69,3365,118859.94,14533,Low-Value,2025-11-13
CMP-1026,Google Ads_Large_New_Dec,Google Ads,949157,32193,26696.44,903,130294.75,12186,New,2025-12-22
CMP-1027,Instagram_Medium_New_Sep,Instagram,308006,39962,4585.62,566,83302.87,11296,New,2025-09-14
CMP-1028,Email_Large_New_Sep,Email,4368267,654518,4849.79,24095,1891073.17,11464,New,2025-09-06
CMP-1029,LinkedIn_Medium_New_Dec,LinkedIn,47913,959,2295.1,39,3036.72,14159,New,2025-12-08
CMP-1030,LinkedIn_Medium_Returning_Aug,LinkedIn,166016,2848,9266.13,141,20947.67,11324,Returning,2025-08-09
CMP-1031,LinkedIn_Medium_New_Dec,LinkedIn,84149,1859,3936.44,83,10194.2,14003,New,2025-12-01
CMP-1032,Google Ads_Medium_New_Oct,Google Ads,208152,8770,4942.27,266,15701.71,11962,New,2025-10-01
CMP-1033,Google Ads_Small_Returning_Nov,Google Ads,65091,2277,1752.95,55,5999.91,10702,Returning,2025-11-23
CMP-1034,Email_Small_New_Nov,Email,122313,18435,151.63,656,75123.34,11052,New,2025-11-14
CMP-1035,Email_Large_Returning_Sep,Email,1827109,261649,1697.47,12294,783768.25,14970,Returning,2025-09-06
CMP-1036,Email_Large_Returning_Nov,Email,1998724,350739,2364.27,16147,1223848.35,11648,Returning,2025-11-16
CMP-1037,Instagram_Large_Low-Value_Dec,Instagram,2734535,335389,36399.36,5090,138730.84,13060,Low-Value,2025-12-19
CMP-1038,Email_Small_Low-Value_Jul,Email,74128,12900,63.97,543,16382.8,11841,Low-Value,2025-07-31
CMP-1039,Google Ads_Large_High-Value_Jul,Google Ads,1045387,48457,23968.38,1678,447994.67,14538,High-Value,2025-07-06
CMP-1040,Facebook_Small_Returning_Jul,Facebook,67759,5272,1463.05,122,13498.43,10483,Returning,2025-07-02
CMP-1041,Facebook_Medium_New_Jul,Facebook,96834,9285,2073.58,148,9779.96,10581,New,2025-07-09
CMP-1042,LinkedIn_Large_Returning_Sep,LinkedIn,688034,14597,31949.35,649,78670.43,13977,Returning,2025-09-10
CMP-1043,Facebook_Large_Returning_Nov,Facebook,1007154,99581,19489.96,2110,284686.14,13873,Returning,2025-11-24
CMP-1044,Facebook_Small_Low-Value_Oct,Facebook,84835,6394,1486.42,121,3382.68,10773,Low-Value,2025-10-13
CMP-1045,Google Ads_Medium_Low-Value_Sep,Google Ads,187985,7197,3951.92,249,9694.61,13368,Low-Value,2025-09-29
CMP-1046,Email_Large_New_Dec,Email,4183653,646852,4179.25,25796,1793448.81,10807,New,2025-12-20
CMP-1047,Google Ads_Small_Low-Value_Sep,Google Ads,57792,1871,1583.68,59,1493.49,12037,Low-Value,2025-09-25
CMP-1048,Facebook_Medium_Returning_Nov,Facebook,625160,65601,9523.67,1243,64071.26,11149,Returning,2025-11-15
CMP-1049,Email_Medium_Returning_Sep,Email,915575,162971,942.65,7727,1045470.41,12047,Returning,2025-09-10
CMP-1050,Google Ads_Small_Low-Value_Nov,Google Ads,35935,1639,941.67,45,1128.82,10415,Low-Value,2025-11-18
CMP-1051,LinkedIn_Small_New_Jul,LinkedIn,31362,676,1335.2,34,2030.4,11363,New,2025-07-24
CMP-1052,Email_Small_Low-Value_Nov,Email,170135,21846,142.25,880,40762.65,13286,Low-Value,2025-11-01
CMP-1053,Google Ads_Small_Returning_Oct,Google Ads,69524,3006,1611.15,85,6745.53,13199,Returning,2025-10-06
CMP-1054,Instagram_Medium_Low-Value_Sep,Instagram,635077,87398,8474.89,1527,53964.6,14553,Low-Value,2025-09-12
CMP-1055,Email_Medium_Returning_Aug,Email,672948,106997,601.21,4625,599304.11,11784,Returning,2025-08-18
CMP-1056,Google Ads_Small_New_Sep,Google Ads,68643,2609,1835.01,65,7008.82,10411,New,2025-09-19
CMP-1057,LinkedIn_Large_Low-Value_Nov,LinkedIn,225605,4589,11437.69,209,7884.52,11290,Low-Value,2025-11-06
CMP-1058,Google Ads_Small_New_Aug,Google Ads,17790,803,545.75,22,1379.53,14875,New,2025-08-17
CMP-1059,Google Ads_Small_Returning_Oct,Google Ads,56878,2016,1283.36,63,3687.69,14667,Returning,2025-10-12
CMP-1060,Facebook_Small_New_Dec,Facebook,32486,2971,577.52,62,7601.77,13435,New,2025-12-06
CMP-1061,LinkedIn_Small_High-Value_Sep,LinkedIn,39531,734,1963.78,41,7815.62,12574,High-Value,2025-09-05
CMP-1062,Facebook_Small_High-Value_Oct,Facebook,53506,3901,1158.46,92,25336.53,12458,High-Value,2025-10-10
CMP-1063,Email_Small_High-Value_Jul,Email,148773,19399,154.4,669,125461.87,13755,High-Value,2025-07-19
CMP-1064,LinkedIn_Large_New_Jul,LinkedIn,694264,14775,31969.07,673,97912.43,11747,New,2025-07-19
CMP-1065,LinkedIn_Medium_High-Value_Aug,LinkedIn,161500,3374,7903.18,163,30507.02,10564,High-Value,2025-08-03
CMP-1066,Facebook_Small_High-Value_Sep,Facebook,63366,4595,1033.96,77,12081.33,13590,High-Value,2025-09-11
CMP-1067,LinkedIn_Large_High-Value_Dec,LinkedIn,265652,5745,11629.15,284,46767.74,14334,High-Value,2025-12-04
CMP-1068,Google Ads_Small_High-Value_Dec,Google Ads,48971,1702,1237.42,49,10279.01,11101,High-Value,2025-12-17
CMP-1069,Instagram_Large_New_Jul,Instagram,2433702,238927,34634.0,3404,383242.72,14533,New,2025-07-28
CMP-1070,Facebook_Large_High-Value_Sep,Facebook,1912289,183030,30125.45,3167,508573.68,11726,High-Value,2025-09-11
CMP-1071,Instagram_Large_Returning_Dec,Instagram,1929064,239430,35696.77,4223,454172.75,12163,Returning,2025-12-23
CMP-1072,LinkedIn_Small_Low-Value_Sep,LinkedIn,22885,450,1082.25,22,1061.37,10757,Low-Value,2025-09-03
CMP-1073,Email_Small_High-Value_Jul,Email,127823,22282,107.92,782,125436.08,12733,High-Value,2025-07-12
CMP-1074,Facebook_Large_High-Value_Aug,Facebook,629286,47448,14031.12,1018,163570.51,13620,High-Value,2025-08-11
CMP-1075,LinkedIn_Small_Low-Value_Nov,LinkedIn,22268,360,978.46,20,569.11,10917,Low-Value,2025-11-21
CMP-1076,Google Ads_Small_Returning_Nov,Google Ads,29221,1229,677.25,42,5187.3,13025,Returning,2025-11-17
CMP-1077,LinkedIn_Small_Returning_Oct,LinkedIn,31130,542,1705.22,29,3789.82,10343,Returning,2025-10-19
CMP-1078,Instagram_Medium_High-Value_Jul,Instagram,638477,72694,9924.04,1210,243355.84,11721,High-Value,2025-07-11
CMP-1079,Facebook_Large_New_Sep,Facebook,3000081,262338,47230.29,5773,724247.6,13330,New,2025-09-29
CMP-1080,LinkedIn_Small_Returning_Aug,LinkedIn,15202,304,654.69,17,1394.08,11451,Returning,2025-08-30
CMP-1081,Email_Large_New_Aug,Email,4379017,528329,4582.09,24559,1452140.95,12722,New,2025-08-15
CMP-1082,Email_Small_Returning_Sep,Email,115520,20451,97.9,842,95300.69,10886,Returning,2025-09-07
CMP-1083,Email_Small_New_Oct,Email,107567,15029,117.27,642,80402.44,11635,New,2025-10-29
CMP-1084,Email_Small_High-Value_Sep,Email,188284,23624,168.74,942,149433.05,11827,High-Value,2025-09-17
CMP-1085,Google Ads_Medium_Returning_Oct,Google Ads,249865,11544,6396.23,325,20054.68,12283,Returning,2025-10-11
CMP-1086,Google Ads_Large_High-Value_Sep,Google Ads,694560,29096,15719.67,733,119197.54,14174,High-Value,2025-09-28
CMP-1087,Email_Small_High-Value_Jul,Email,128631,21778,155.15,942,152794.58,12140,High-Value,2025-07-08
CMP-1088,Facebook_Small_High-Value_Jul,Facebook,41630,3558,627.26,67,18218.64,14888,High-Value,2025-07-10
CMP-1089,Email_Medium_High-Value_Sep,Email,1143995,188991,957.8,7185,1167742.9,14967,High-Value,2025-09-19
CMP-1090,LinkedIn_Large_New_Oct,LinkedIn,840914,16308,41085.88,947,57880.4,11558,New,2025-10-07
CMP-1091,Instagram_Small_New_Oct,Instagram,66451,7874,1238.94,97,6002.53,14260,New,2025-10-20
CMP-1092,LinkedIn_Medium_Returning_Oct,LinkedIn,62313,1368,2940.21,70,10235.21,10574,Returning,2025-10-02
CMP-1093,Instagram_Small_High-Value_Dec,Instagram,64750,8915,1062.31,118,34749.04,12461,High-Value,2025-12-17
CMP-1094,LinkedIn_Medium_High-Value_Dec,LinkedIn,49828,814,2097.24,47,10770.29,12673,High-Value,2025-12-18
CMP-1095,Email_Small_High-Value_Nov,Email,165028,25287,198.94,1201,274386.08,11572,High-Value,2025-11-19
CMP-1096,Email_Large_Low-Value_Dec,Email,3793020,558607,3517.59,23484,881341.12,11426,Low-Value,2025-12-21
CMP-1097,LinkedIn_Large_High-Value_Oct,LinkedIn,753482,13749,46046.32,811,229950.59,10004,High-Value,2025-10-12
CMP-1098,Instagram_Medium_High-Value_Aug,Instagram,394435,43117,5645.25,566,124267.99,14752,High-Value,2025-08-23
CMP-1099,LinkedIn_Medium_High-Value_Oct,LinkedIn,99766,1658,4826.82,98,29197.3,13623,High-Value,2025-10-28
CMP-1100,Facebook_Large_Low-Value_Aug,Facebook,2137448,177713,37926.47,4000,162167.74,10695,Low-Value,2025-08-13
CMP-1101,Instagram_Small_High-Value_Jul,Instagram,57747,7823,743.93,138,35722.39,12543,High-Value,2025-07-24
CMP-1102,Facebook_Small_Returning_Aug,Facebook,76315,8057,1420.12,184,10032.02,10379,Returning,2025-08-07
CMP-1103,Facebook_Small_Low-Value_Dec,Facebook,28493,2882,539.55,68,1666.85,13731,Low-Value,2025-12-04
CMP-1104,Email_Medium_Returning_Dec,Email,643130,114602,675.3,5211,697403.09,14050,Returning,2025-12-26
CMP-1105,Email_Large_Returning_Aug,Email,2776822,378770,2874.77,12462,1700717.03,10046,Returning,2025-08-07
CMP-1106,Google Ads_Small_Low-Value_Aug,Google Ads,82521,3956,1719.35,121,5211.42,14244,Low-Value,2025-08-26
CMP-1107,Email_Small_New_Nov,Email,218527,29466,191.71,1155,72667.91,10995,New,2025-11-20
CMP-1108,Email_Large_Returning_Oct,Email,5020747,671367,4816.2,28699,3208916.24,14352,Returning,2025-10-27
CMP-1109,LinkedIn_Large_High-Value_Oct,LinkedIn,411323,8791,24326.51,443,117770.56,14136,High-Value,2025-10-22
CMP-1110,Email_Large_Low-Value_Aug,Email,3514633,538140,3080.65,22050,1020906.36,13889,Low-Value,2025-08-10
CMP-1111,Email_Large_High-Value_Sep,Email,2231267,271605,2613.93,11972,2909751.89,12272,High-Value,2025-09-02
CMP-1112,LinkedIn_Small_Low-Value_Dec,LinkedIn,27549,470,1556.12,18,549.32,12250,Low-Value,2025-12-08
CMP-1113,Email_Small_New_Sep,Email,132518,19380,138.49,900,76342.99,12226,New,2025-09-12
CMP-1114,Instagram_Small_High-Value_Nov,Instagram,94346,10853,1270.98,170,47490.27,11134,High-Value,2025-11-16
CMP-1115,Facebook_Large_Returning_Oct,Facebook,2289296,241193,47980.82,4808,364563.9,11252,Returning,2025-10-07
CMP-1116,Facebook_Medium_New_Oct,Facebook,375688,33712,5673.09,628,71177.57,12711,New,2025-10-15
CMP-1117,LinkedIn_Small_Low-Value_Oct,LinkedIn,14285,243,860.22,10,245.57,11695,Low-Value,2025-10-15
CMP-1118,Email_Large_Low-Value_Nov,Email,1642950,215083,1555.31,8072,378606.28,10161,Low-Value,2025-11-27
CMP-1119,LinkedIn_Small_Low-Value_Oct,LinkedIn,25842,449,1210.94,19,403.3,12882,Low-Value,2025-10-31
CMP-1120,Instagram_Large_Low-Value_Oct,Instagram,1018220,106400,16757.4,1333,31484.23,14474,Low-Value,2025-10-16
CMP-1121,LinkedIn_Small_Returning_Nov,LinkedIn,21024,397,1191.17,19,2261.75,12236,Returning,2025-11-02
CMP-1122,Email_Medium_Low-Value_Jul,Email,259169,40864,231.45,1361,62888.22,12754,Low-Value,2025-07-08
CMP-1123,Email_Small_Returning_Oct,Email,155100,21188,188.13,951,118709.5,14376,Returning,2025-10-28
CMP-1124,Google Ads_Large_Low-Value_Nov,Google Ads,614405,23302,17380.84,694,26752.06,10223,Low-Value,2025-11-29
CMP-1125,Google Ads_Medium_Low-Value_Aug,Google Ads,195084,8575,4951.31,209,5762.78,11489,Low-Value,2025-08-04
CMP-1126,Google Ads_Medium_High-Value_Oct,Google Ads,357004,14346,7706.8,435,72242.97,11734,High-Value,2025-10-06
CMP-1127,Email_Medium_High-Value_Sep,Email,565209,76047,557.93,2761,570402.24,12280,High-Value,2025-09-25
CMP-1128,Email_Medium_High-Value_Jul,Email,200680,26627,216.06,991,166452.64,10159,High-Value,2025-07-21
CMP-1129,LinkedIn_Small_New_Sep,LinkedIn,38090,816,1835.79,45,4492.99,10563,New,2025-09-28
CMP-1130,Google Ads_Small_New_Sep,Google Ads,25589,1059,630.38,34,3167.64,10167,New,2025-09-02
CMP-1131,LinkedIn_Small_Returning_Aug,LinkedIn,12631,238,691.37,12,1284.93,13880,Returning,2025-08-31
CMP-1132,Google Ads_Large_Returning_Oct,Google Ads,1158474,48299,24243.87,1296,77991.01,12100,Returning,2025-10-28
CMP-1133,Instagram_Large_Returning_Dec,Instagram,965124,100095,16114.37,1313,103083.0,10939,Returning,2025-12-03
CMP-1134,Facebook_Large_High-Value_Jul,Facebook,1090145,81639,16934.94,1648,348650.1,10211,High-Value,2025-07-28
CMP-1135,Instagram_Large_Low-Value_Oct,Instagram,2776353,319550,49295.14,5693,261679.96,11625,Low-Value,2025-10-10
CMP-1136,Google Ads_Large_Returning_Jul,Google Ads,1541980,53559,42682.88,1715,245137.98,12471,Returning,2025-07-27
CMP-1137,LinkedIn_Small_New_Nov,LinkedIn,27467,500,1335.14,27,1855.02,12845,New,2025-11-22
CMP-1138,LinkedIn_Medium_Low-Value_Dec,LinkedIn,89051,1786,4589.43,80,1875.61,10565,Low-Value,2025-12-17
CMP-1139,LinkedIn_Medium_High-Value_Jul,LinkedIn,126057,2603,6884.96,112,24883.15,14016,High-Value,2025-07-04
CMP-1140,Google Ads_Large_Low-Value_Oct,Google Ads,1027670,38420,31303.58,984,21550.83,13767,Low-Value,2025-10-01
CMP-1141,Facebook_Large_Low-Value_Aug,Facebook,2559667,258924,49598.41,4670,188878.53,14275,Low-Value,2025-08-15
CMP-1142,Instagram_Medium_Low-Value_Oct,Instagram,559399,66364,8081.82,960,29247.41,14854,Low-Value,2025-10-28
CMP-1143,Instagram_Small_High-Value_Sep,Instagram,142987,20350,1894.29,259,67244.2,12285,High-Value,2025-09-01
CMP-1144,Email_Large_Returning_Oct,Email,4147275,514219,4753.36,22552,2423151.76,15000,Returning,2025-10-27
CMP-1145,Email_Medium_High-Value_Jul,Email,747604,125385,873.46,4416,770805.7,12663,High-Value,2025-07-08
CMP-1146,Facebook_Medium_Low-Value_Aug,Facebook,207285,19888,3314.13,401,12336.73,12117,Low-Value,2025-08-24
CMP-1147,Instagram_Large_High-Value_Nov,Instagram,2876549,388900,45088.02,5691,1175428.61,12264,High-Value,2025-11-30
CMP-1148,LinkedIn_Small_New_Nov,LinkedIn,21983,483,1194.02,24,1757.31,10702,New,2025-11-10
CMP-1149,Facebook_Large_Low-Value_Nov,Facebook,2435965,223056,45982.98,5186,200838.95,11969,Low-Value,2025-11-03
CMP-1150,Email_Small_Low-Value_Oct,Email,79416,12520,67.53,467,11291.2,10763,Low-Value,2025-10-23
CMP-1151,Instagram_Large_Returning_Oct,Instagram,2917783,354820,41761.01,6160,793775.88,11994,Returning,2025-10-12
CMP-1152,Instagram_Large_High-Value_Oct,Instagram,990464,106898,16067.0,1759,272697.53,14350,High-Value,2025-10-30
CMP-1153,Instagram_Medium_Low-Value_Nov,Instagram,483181,66719,6559.12,937,41825.54,12883,Low-Value,2025-11-18
CMP-1154,Email_Medium_High-Value_Sep,Email,328486,41931,288.51,1608,433507.64,11889,High-Value,2025-09-17
CMP-1155,Google Ads_Small_Returning_Sep,Google Ads,25854,1126,724.88,36,4108.13,14390,Returning,2025-09-19
CMP-1156,Facebook_Large_Returning_Aug,Facebook,2133511,172952,37757.94,3245,221178.46,13967,Returning,2025-08-25
CMP-1157,Instagram_Small_High-Value_Jul,Instagram,128320,14787,1862.68,218,63676.17,12427,High-Value,2025-07-26
CMP-1158,Facebook_Medium_High-Value_Aug,Facebook,185450,16729,3226.81,349,53298.07,10116,High-Value,2025-08-15
CMP-1159,LinkedIn_Small_Returning_Sep,LinkedIn,42414,870,1808.19,46,6543.5,10447,Returning,2025-09-09
CMP-1160,LinkedIn_Small_High-Value_Dec,LinkedIn,26878,553,1560.86,28,5981.35,14022,High-Value,2025-12-26
CMP-1161,Google Ads_Medium_New_Nov,Google Ads,370507,17343,7891.55,510,31275.14,13846,New,2025-11-24
CMP-1162,Email_Small_Low-Value_Sep,Email,224529,28622,197.73,1337,61631.54,10421,Low-Value,2025-09-26
CMP-1163,Instagram_Small_Low-Value_Jul,Instagram,88328,10171,1278.26,125,3756.99,13283,Low-Value,2025-07-30
CMP-1164,Email_Large_New_Nov,Email,3376933,472804,4211.41,18141,1881939.36,10440,New,2025-11-25
CMP-1165,Facebook_Medium_Returning_Nov,Facebook,487979,41229,9358.84,902,85890.06,10698,Returning,2025-11-22
CMP-1166,Facebook_Medium_New_Nov,Facebook,206922,15947,3796.84,277,27654.79,14967,New,2025-11-20
CMP-1167,LinkedIn_Medium_Returning_Nov,LinkedIn,124788,2358,5351.4,121,13700.4,13691,Returning,2025-11-11
CMP-1168,Email_Medium_High-Value_Nov,Email,224243,29304,210.48,1388,239151.58,12502,High-Value,2025-11-28
CMP-1169,LinkedIn_Large_New_Dec,LinkedIn,443511,10633,26584.96,532,58274.48,10813,New,2025-12-04
CMP-1170,Facebook_Large_Returning_Sep,Facebook,775064,61661,12683.06,1429,100764.45,10666,Returning,2025-09-06
CMP-1171,Facebook_Large_Returning_Aug,Facebook,797762,70996,17627.51,1456,82367.18,10615,Returning,2025-08-14
CMP-1172,Facebook_Medium_New_Oct,Facebook,447273,40647,8204.22,793,71430.51,14865,New,2025-10-13
CMP-1173,Email_Small_High-Value_Jul,Email,115474,15117,133.95,692,202006.78,12361,High-Value,2025-07-09
CMP-1174,Instagram_Large_Low-Value_Jul,Instagram,1509734,191603,24932.37,2769,57488.84,11913,Low-Value,2025-07-19
CMP-1175,Instagram_Small_Returning_Oct,Instagram,53177,6786,734.23,82,5920.17,14462,Returning,2025-10-17
CMP-1176,Facebook_Small_Returning_Sep,Facebook,50267,3654,846.61,61,7929.49,10585,Returning,2025-09-07
CMP-1177,Google Ads_Large_Returning_Sep,Google Ads,727564,26054,17141.79,656,48752.1,14663,Returning,2025-09-17
CMP-1178,Instagram_Medium_Low-Value_Aug,Instagram,592319,80466,7778.14,1157,46329.24,12492,Low-Value,2025-08-01
CMP-1179,Email_Large_High-Value_Nov,Email,1669353,290100,1819.94,9343,1521285.93,14046,High-Value,2025-11-06
CMP-1180,Email_Small_New_Dec,Email,65807,8613,81.18,355,32710.57,13540,New,2025-12-01
CMP-1181,Instagram_Small_High-Value_Jul,Instagram,138168,15531,1839.01,210,43460.31,11876,High-Value,2025-07-07
CMP-1182,LinkedIn_Medium_New_Dec,LinkedIn,121973,2560,6722.36,123,12940.18,14721,New,2025-12-20
CMP-1183,Google Ads_Large_Returning_Oct,Google Ads,1007548,47531,27445.06,1576,100881.84,13623,Returning,2025-10-29
CMP-1184,Instagram_Medium_Returning_Nov,Instagram,593517,82462,8947.74,1385,128142.07,14029,Returning,2025-11-27
CMP-1185,Google Ads_Medium_Low-Value_Sep,Google Ads,79122,3217,2179.75,101,2801.4,12731,Low-Value,2025-09-28
CMP-1186,Instagram_Medium_New_Aug,Instagram,235476,33732,3114.85,511,34322.81,13373,New,2025-08-11
CMP-1187,Email_Medium_High-Value_Dec,Email,337350,58988,417.85,1998,472481.99,14507,High-Value,2025-12-17
CMP-1188,Google Ads_Medium_Low-Value_Jul,Google Ads,171331,7268,4192.44,246,6443.39,12068,Low-Value,2025-07-23
CMP-1189,Instagram_Large_New_Oct,Instagram,594899,82810,10439.83,1427,156600.85,10010,New,2025-10-12
CMP-1190,LinkedIn_Small_Low-Value_Oct,LinkedIn,29864,519,1400.78,30,976.89,11537,Low-Value,2025-10-14
CMP-1191,LinkedIn_Medium_High-Value_Dec,LinkedIn,102068,1671,5065.11,72,18770.76,13622,High-Value,2025-12-07
CMP-1192,Google Ads_Large_Returning_Sep,Google Ads,554448,19918,13311.95,571,45034.41,11074,Returning,2025-09-07
CMP-1193,Instagram_Medium_Low-Value_Dec,Instagram,351328,38738,4845.38,596,20431.78,10995,Low-Value,2025-12-26
CMP-1194,Google Ads_Medium_Returning_Aug,Google Ads,343461,15016,7309.37,399,21194.21,14513,Returning,2025-08-10
CMP-1195,Google Ads_Small_Low-Value_Jul,Google Ads,37094,1217,893.4,36,1364.59,10930,Low-Value,2025-07-24
CMP-1196,Email_Small_New_Dec,Email,110987,14028,100.14,465,57110.78,14083,New,2025-12-13
CMP-1197,Instagram_Medium_High-Value_Oct,Instagram,427558,49969,5963.93,673,183638.38,13869,High-Value,2025-10-15
CMP-1198,Facebook_Small_Low-Value_Nov,Facebook,101747,8322,1699.12,172,5302.63,13143,Low-Value,2025-11-19
CMP-1199,Facebook_Medium_Returning_Jul,Facebook,177155,13627,2732.66,321,30366.79,13400,Returning,2025-07-18
CMP-1200,Instagram_Medium_High-Value_Jul,Instagram,235960,32539,3481.06,533,144434.56,12446,High-Value,2025-07-01
CMP-1201,LinkedIn_Medium_Low-Value_Aug,LinkedIn,156588,3569,7270.27,160,5549.24,14413,Low-Value,2025-08-08
CMP-1202,Email_Large_High-Value_Sep,Email,2252507,397890,1884.84,12983,3321522.37,14452,High-Value,2025-09-24
CMP-1203,Email_Small_Low-Value_Sep,Email,164665,25371,188.79,1183,24864.74,11957,Low-Value,2025-09-21
CMP-1204,LinkedIn_Medium_Low-Value_Aug,LinkedIn,139299,3258,7579.36,193,9327.3,10358,Low-Value,2025-08-29
CMP-1205,Instagram_Medium_Low-Value_Dec,Instagram,442182,60374,5793.71,840,37688.67,13163,Low-Value,2025-12-28
CMP-1206,Facebook_Small_Low-Value_Jul,Facebook,32050,2572,555.51,43,959.27,14115,Low-Value,2025-07-10
CMP-1207,LinkedIn_Medium_High-Value_Jul,LinkedIn,141708,3088,7570.31,127,25056.28,10817,High-Value,2025-07-26
CMP-1208,LinkedIn_Large_Low-Value_Jul,LinkedIn,705040,13078,31579.65,686,31953.42,11181,Low-Value,2025-07-04
CMP-1209,Email_Medium_Returning_Jul,Email,618699,75149,692.69,3450,179837.95,12172,Returning,2025-07-20
CMP-1210,Instagram_Small_Low-Value_Dec,Instagram,122201,17239,1812.05,289,14432.09,12692,Low-Value,2025-12-14
CMP-1211,LinkedIn_Large_Low-Value_Sep,LinkedIn,531930,10221,24028.47,506,19645.53,13998,Low-Value,2025-09-20
CMP-1212,LinkedIn_Small_New_Dec,LinkedIn,43221,957,1810.52,46,4238.24,11924,New,2025-12-06
CMP-1213,Instagram_Medium_Returning_Jul,Instagram,471675,47781,7900.66,675,53138.63,10807,Returning,2025-07-24
CMP-1214,Google Ads_Large_Low-Value_Aug,Google Ads,780952,25516,21852.32,617,30622.74,12454,Low-Value,2025-08-12
CMP-1215,Google Ads_Small_New_Sep,Google Ads,43553,1867,1141.66,49,7104.81,12404,New,2025-09-22
CMP-1216,Instagram_Small_High-Value_Oct,Instagram,93578,10859,1679.52,187,54549.73,12001,High-Value,2025-10-19
CMP-1217,LinkedIn_Large_Low-Value_Nov,LinkedIn,599956,10401,28696.06,622,16762.99,11476,Low-Value,2025-11-22
CMP-1218,Facebook_Large_Returning_Jul,Facebook,2809171,263720,47709.27,5301,387328.07,13134,Returning,2025-07-21
CMP-1219,LinkedIn_Large_Returning_Nov,LinkedIn,303071,5301,17061.12,294,24993.68,11173,Returning,2025-11-05
CMP-1220,Facebook_Medium_Low-Value_Dec,Facebook,162491,16869,2462.74,395,19689.66,13765,Low-Value,2025-12-11
CMP-1221,Instagram_Medium_New_Oct,Instagram,216694,28689,3391.16,464,30340.77,14478,New,2025-10-28
CMP-1222,Facebook_Medium_New_Oct,Facebook,421490,33743,8526.66,684,74757.09,14814,New,2025-10-22
CMP-1223,Instagram_Medium_Low-Value_Dec,Instagram,370371,51154,6640.69,695,16600.39,13743,Low-Value,2025-12-24
CMP-1224,Instagram_Medium_Returning_Oct,Instagram,718025,98643,9109.98,1662,192001.22,10874,Returning,2025-10-07
CMP-1225,Facebook_Medium_Low-Value_Nov,Facebook,297133,25762,6406.86,489,13590.59,14709,Low-Value,2025-11-24
CMP-1226,Instagram_Large_High-Value_Jul,Instagram,2591504,258865,38936.8,3448,870581.43,13243,High-Value,2025-07-06
CMP-1227,Instagram_Large_New_Nov,Instagram,991857,118791,13045.23,1768,193137.7,10402,New,2025-11-22
CMP-1228,LinkedIn_Small_Low-Value_Sep,LinkedIn,32625,698,1737.02,35,980.38,14974,Low-Value,2025-09-12
CMP-1229,Instagram_Small_Returning_Dec,Instagram,135615,17305,1817.94,295,40335.18,12054,Returning,2025-12-10
CMP-1230,Facebook_Large_New_Dec,Facebook,2416789,234691,38334.52,5032,562885.25,10323,New,2025-12-08
CMP-1231,Instagram_Large_Low-Value_Jul,Instagram,2308767,319260,40108.67,5501,114846.68,12989,Low-Value,2025-07-09
CMP-1232,Facebook_Medium_New_Sep,Facebook,407159,34227,8606.53,751,49623.07,13404,New,2025-09-14
CMP-1233,Facebook_Large_Returning_Aug,Facebook,2688556,242692,42718.68,3895,306551.35,12998,Returning,2025-08-03
CMP-1234,LinkedIn_Medium_High-Value_Aug,LinkedIn,165406,3482,6935.42,157,38480.83,13948,High-Value,2025-08-12
CMP-1235,Instagram_Medium_High-Value_Jul,Instagram,468487,47380,6319.88,784,181252.95,10617,High-Value,2025-07-30
CMP-1236,Facebook_Large_Returning_Dec,Facebook,2525041,239309,48519.68,5613,338188.71,13256,Returning,2025-12-21
CMP-1237,LinkedIn_Medium_High-Value_Jul,LinkedIn,204232,3378,9497.83,155,39715.0,10115,High-Value,2025-07-24
CMP-1238,Instagram_Medium_New_Oct,Instagram,174816,19684,2538.8,309,16863.43,12148,New,2025-10-25
CMP-1239,LinkedIn_Medium_Low-Value_Dec,LinkedIn,213432,5069,8972.29,278,6644.92,10888,Low-Value,2025-12-11
CMP-1240,Facebook_Large_Low-Value_Jul,Facebook,1814503,132089,40330.53,2455,85088.57,14600,Low-Value,2025-07-07
CMP-1241,Instagram_Small_Returning_Dec,Instagram,118466,13908,1655.61,189,28295.65,13804,Returning,2025-12-13
CMP-1242,Instagram_Small_Low-Value_Jul,Instagram,74474,7734,1139.27,129,5264.55,10372,Low-Value,2025-07-30
CMP-1243,Google Ads_Small_High-Value_Nov,Google Ads,27692,1187,831.15,37,7066.59,10797,High-Value,2025-11-04
CMP-1244,Facebook_Medium_Returning_Oct,Facebook,459222,40211,9606.91,946,87006.2,13040,Returning,2025-10-08
CMP-1245,LinkedIn_Large_Low-Value_Nov,LinkedIn,681703,12402,35541.04,740,23887.21,11266,Low-Value,2025-11-28
CMP-1246,Email_Large_New_Nov,Email,4082062,542041,4576.4,17615,2028661.11,13344,New,2025-11-03
CMP-1247,Instagram_Medium_New_Dec,Instagram,377958,44868,4948.21,799,54773.49,11780,New,2025-12-24
CMP-1248,Email_Medium_Low-Value_Aug,Email,993908,165242,894.9,7521,322129.84,10814,Low-Value,2025-08-30
CMP-1249,Instagram_Medium_High-Value_Jul,Instagram,398387,38867,7009.76,681,165140.83,12261,High-Value,2025-07-16
CMP-1250,Facebook_Small_New_Oct,Facebook,93459,7123,1694.81,121,14345.34,11738,New,2025-10-25
CMP-1251,LinkedIn_Medium_New_Jul,LinkedIn,95809,1909,5442.45,78,8439.38,11996,New,2025-07-13
CMP-1252,Facebook_Large_Returning_Jul,Facebook,1290590,107342,20759.74,2108,107849.61,11698,Returning,2025-07-18
CMP-1253,LinkedIn_Medium_Returning_Aug,LinkedIn,49372,979,2579.58,50,3958.31,11209,Returning,2025-08-29
CMP-1254,LinkedIn_Small_New_Sep,LinkedIn,35293,784,1542.47,31,3039.57,11065,New,2025-09-09
CMP-1255,LinkedIn_Small_High-Value_Aug,LinkedIn,11791,281,657.4,12,2698.0,10212,High-Value,2025-08-14
CMP-1256,Facebook_Small_New_Sep,Facebook,85712,7898,1427.23,126,10413.41,14824,New,2025-09-30
CMP-1257,Instagram_Medium_New_Aug,Instagram,341947,38581,6141.69,470,27193.19,10430,New,2025-08-14
CMP-1258,Facebook_Small_Low-Value_Nov,Facebook,51914,4798,1095.38,103,4533.81,10521,Low-Value,2025-11-12
CMP-1259,Email_Large_Low-Value_Oct,Email,1561108,197127,1800.6,8315,342530.37,14864,Low-Value,2025-10-01
CMP-1260,Google Ads_Small_Low-Value_Nov,Google Ads,25715,844,547.38,25,1031.8,10356,Low-Value,2025-11-06
CMP-1261,LinkedIn_Large_High-Value_Oct,LinkedIn,973570,21821,44838.76,1020,277668.24,10256,High-Value,2025-10-26
CMP-1262,Google Ads_Medium_Low-Value_Oct,Google Ads,122319,4985,2640.92,168,5639.68,10885,Low-Value,2025-10-11
CMP-1263,Email_Small_Low-Value_Jul,Email,148084,24270,146.54,808,17622.93,12639,Low-Value,2025-07-19
CMP-1264,LinkedIn_Small_Returning_Jul,LinkedIn,15041,345,870.65,15,2213.8,12253,Returning,2025-07-17
CMP-1265,LinkedIn_Large_High-Value_Oct,LinkedIn,409816,9146,23475.83,486,109218.47,14347,High-Value,2025-10-06
CMP-1266,Instagram_Large_Low-Value_Nov,Instagram,2335942,249865,32214.54,4492,221203.13,13525,Low-Value,2025-11-07
CMP-1267,Google Ads_Large_New_Dec,Google Ads,1267394,54350,36013.03,1351,71691.15,14517,New,2025-12-15
CMP-1268,Facebook_Small_Low-Value_Oct,Facebook,48515,5009,886.52,109,4608.65,13390,Low-Value,2025-10-24
CMP-1269,Instagram_Medium_Low-Value_Oct,Instagram,338061,38474,5403.95,689,14609.06,10779,Low-Value,2025-10-11
CMP-1270,Instagram_Large_Low-Value_Sep,Instagram,3072492,359646,44681.26,5880,203448.4,12089,Low-Value,2025-09-19
CMP-1271,Instagram_Medium_Returning_Dec,Instagram,695192,80810,8987.39,1103,120486.24,10550,Returning,2025-12-23
CMP-1272,Google Ads_Medium_New_Jul,Google Ads,328907,13803,9298.91,435,53640.42,10792,New,2025-07-24
CMP-1273,Instagram_Small_Returning_Nov,Instagram,50503,7051,697.35,92,6785.4,14805,Returning,2025-11-20
CMP-1274,LinkedIn_Small_High-Value_Dec,LinkedIn,34146,779,1957.09,38,7109.22,13366,High-Value,2025-12-19
CMP-1275,Instagram_Medium_Low-Value_Jul,Instagram,584656,70574,8966.0,999,37750.74,14919,Low-Value,2025-07-14
CMP-1276,Instagram_Large_High-Value_Jul,Instagram,1054687,150326,16540.95,2036,505967.38,14157,High-Value,2025-07-27
CMP-1277,Facebook_Medium_Returning_Dec,Facebook,283604,21755,4601.52,516,49215.54,11838,Returning,2025-12-16
CMP-1278,Google Ads_Medium_High-Value_Nov,Google Ads,129001,4478,3888.4,135,27074.31,10942,High-Value,2025-11-20
CMP-1279,Instagram_Large_Returning_Oct,Instagram,2797487,301955,43155.33,4741,572133.08,14561,Returning,2025-10-18
CMP-1280,Google Ads_Small_High-Value_Jul,Google Ads,26030,848,750.56,27,6738.41,12239,High-Value,2025-07-08
CMP-1281,Instagram_Small_High-Value_Sep,Instagram,91919,12378,1211.95,192,53806.21,11487,High-Value,2025-09-28
CMP-1282,Facebook_Small_Low-Value_Jul,Facebook,37956,3101,808.76,51,1832.69,10252,Low-Value,2025-07-18
CMP-1283,Google Ads_Medium_Returning_Oct,Google Ads,309746,10517,9492.85,309,44306.74,13717,Returning,2025-10-05
CMP-1284,Instagram_Medium_Returning_Oct,Instagram,302823,29675,4529.25,382,56789.27,12658,Returning,2025-10-03
CMP-1285,LinkedIn_Small_New_Jul,LinkedIn,31239,737,1947.68,38,5198.09,11290,New,2025-07-14
CMP-1286,LinkedIn_Small_New_Dec,LinkedIn,23789,473,1182.11,25,1599.13,12230,New,2025-12-20
CMP-1287,Email_Large_Low-Value_Nov,Email,1033855,167774,1119.89,5910,237599.57,13622,Low-Value,2025-11-02
CMP-1288,Email_Large_High-Value_Aug,Email,4086999,655375,4879.65,25625,7180671.79,10933,High-Value,2025-08-25
CMP-1289,Instagram_Medium_Low-Value_Jul,Instagram,245366,33426,3417.2,590,23893.49,14859,Low-Value,2025-07-29
CMP-1290,Email_Small_High-Value_Jul,Email,130448,22454,124.58,923,142657.09,13238,High-Value,2025-07-12
CMP-1291,LinkedIn_Small_New_Jul,LinkedIn,40803,873,1896.42,38,4403.76,12470,New,2025-07-02
CMP-1292,Facebook_Medium_Returning_Sep,Facebook,303472,23014,5150.92,489,73321.33,12688,Returning,2025-09-04
CMP-1293,Google Ads_Large_New_Nov,Google Ads,568210,21882,11928.48,753,96563.63,13528,New,2025-11-05
CMP-1294,Facebook_Large_Returning_Oct,Facebook,1988762,206088,32680.65,3963,327753.24,11886,Returning,2025-10-06
CMP-1295,LinkedIn_Medium_High-Value_Jul,LinkedIn,164893,3643,7340.75,203,43713.51,10347,High-Value,2025-07-19
CMP-1296,Email_Small_New_Oct,Email,146442,22357,172.68,717,59122.8,12565,New,2025-10-26
CMP-1297,LinkedIn_Medium_Low-Value_Nov,LinkedIn,94537,2038,4931.69,97,3245.7,13422,Low-Value,2025-11-24
CMP-1298,Instagram_Small_New_Oct,Instagram,54193,5793,856.32,72,7944.83,12661,New,2025-10-12
CMP-1299,Facebook_Medium_Low-Value_Dec,Facebook,427599,37921,7345.7,721,33093.91,10722,Low-Value,2025-12-24
CMP-1300,Email_Medium_New_Sep,Email,610141,74155,615.27,2777,244430.32,14825,New,2025-09-01
CMP-1301,Email_Medium_New_Oct,Email,535703,81435,519.06,3397,429680.84,12782,New,2025-10-10
CMP-1302,Facebook_Small_High-Value_Aug,Facebook,103861,11050,1719.48,178,31927.27,14182,High-Value,2025-08-13
CMP-1303,Google Ads_Medium_Returning_Sep,Google Ads,87282,4047,2060.5,108,15411.97,11210,Returning,2025-09-28
CMP-1304,Facebook_Medium_New_Aug,Facebook,161859,13702,2482.14,230,22675.05,11617,New,2025-08-07
CMP-1305,Facebook_Small_Returning_Dec,Facebook,44944,3733,885.16,83,8625.04,11452,Returning,2025-12-15
CMP-1306,Email_Large_Low-Value_Nov,Email,2344320,382051,2245.23,13892,450190.72,13678,Low-Value,2025-11-22
CMP-1307,LinkedIn_Medium_High-Value_Dec,LinkedIn,51912,1113,2975.09,48,10981.18,11237,High-Value,2025-12-08
CMP-1308,Email_Medium_New_Oct,Email,646589,99599,767.24,3596,526068.5,12481,New,2025-10-29
CMP-1309,Instagram_Large_New_Sep,Instagram,2195545,268758,29341.83,3295,373373.38,10608,New,2025-09-29
CMP-1310,Instagram_Small_Low-Value_Oct,Instagram,133695,18091,1927.11,313,8401.67,10467,Low-Value,2025-10-24
CMP-1311,Instagram_Large_High-Value_Jul,Instagram,1286816,148922,18481.79,2537,723053.8,10740,High-Value,2025-07-20
CMP-1312,LinkedIn_Large_Low-Value_Oct,LinkedIn,431928,9607,24136.86,437,19524.47,14541,Low-Value,2025-10-27
CMP-1313,Google Ads_Large_Low-Value_Nov,Google Ads,1150227,38565,26949.53,1214,40733.38,11543,Low-Value,2025-11-24
CMP-1314,Instagram_Small_Low-Value_Nov,Instagram,79777,10480,1379.91,180,4770.39,10507,Low-Value,2025-11-06
CMP-1315,Email_Large_New_Sep,Email,1119362,177439,1382.86,7401,774660.76,10691,New,2025-09-26
CMP-1316,LinkedIn_Small_Returning_Jul,LinkedIn,16218,336,847.92,16,2380.46,13587,Returning,2025-07-11
CMP-1317,Email_Medium_Returning_Oct,Email,333283,48079,309.15,1867,227325.5,12318,Returning,2025-10-02
CMP-1318,Email_Large_Low-Value_Sep,Email,4510508,576008,3769.74,19391,809189.62,14898,Low-Value,2025-09-25
CMP-1319,Google Ads_Medium_High-Value_Jul,Google Ads,241137,8022,6627.1,200,56825.73,10775,High-Value,2025-07-17
CMP-1320,LinkedIn_Medium_Low-Value_Sep,LinkedIn,65703,1170,3534.94,55,1214.55,14938,Low-Value,2025-09-11
CMP-1321,Facebook_Large_High-Value_Jul,Facebook,1413437,142492,30762.39,2546,588130.55,11159,High-Value,2025-07-21
CMP-1322,Instagram_Large_High-Value_Dec,Instagram,3195414,388504,45203.16,5418,1083330.65,13211,High-Value,2025-12-15
CMP-1323,Facebook_Large_New_Sep,Facebook,2447175,234503,36779.48,4798,590466.11,13086,New,2025-09-18
CMP-1324,Instagram_Large_Returning_Dec,Instagram,1571653,193297,28608.22,3430,231628.91,14313,Returning,2025-12-19
CMP-1325,Google Ads_Medium_Low-Value_Nov,Google Ads,264817,10744,7520.04,270,9048.0,10150,Low-Value,2025-11-08
CMP-1326,Instagram_Small_High-Value_Aug,Instagram,102306,13086,1634.24,219,63307.79,12800,High-Value,2025-08-16
CMP-1327,Email_Small_Returning_Aug,Email,81765,10559,85.2,505,72063.55,11270,Returning,2025-08-27
CMP-1328,Google Ads_Large_High-Value_Jul,Google Ads,1436854,57955,31598.29,1824,297984.44,14422,High-Value,2025-07-26
CMP-1329,LinkedIn_Medium_New_Dec,LinkedIn,136891,3094,8042.16,172,20790.41,11074,New,2025-12-17
CMP-1330,LinkedIn_Small_Low-Value_Aug,LinkedIn,10211,184,554.24,8,181.03,11482,Low-Value,2025-08-09
CMP-1331,LinkedIn_Small_Returning_Oct,LinkedIn,38928,717,1905.44,34,3220.49,13366,Returning,2025-10-21
CMP-1332,Instagram_Large_Returning_Oct,Instagram,2282477,319845,34023.77,4791,714892.9,12335,Returning,2025-10-22
CMP-1333,Email_Small_Returning_Nov,Email,156993,27604,177.71,934,123049.8,12536,Returning,2025-11-14
CMP-1334,Email_Large_Returning_Oct,Email,2903868,499707,2522.49,22434,2894054.28,14673,Returning,2025-10-03
CMP-1335,Email_Medium_Low-Value_Sep,Email,369357,53253,443.74,1851,75610.63,14120,Low-Value,2025-09-11
CMP-1336,LinkedIn_Small_Low-Value_Aug,LinkedIn,24260,512,1019.15,28,671.32,14954,Low-Value,2025-08-11
CMP-1337,Facebook_Large_High-Value_Jul,Facebook,2889020,258666,44480.58,5393,1427642.89,13937,High-Value,2025-07-14
CMP-1338,Instagram_Small_New_Nov,Instagram,50869,5856,762.26,75,6506.51,12336,New,2025-11-10
CMP-1339,Google Ads_Medium_Returning_Sep,Google Ads,82503,2818,2545.38,100,10495.3,14206,Returning,2025-09-08
CMP-1340,Facebook_Small_Low-Value_Jul,Facebook,105339,8766,1948.73,175,5807.44,13696,Low-Value,2025-07-24
CMP-1341,Instagram_Small_New_Oct,Instagram,46372,4932,658.5,77,8856.55,13248,New,2025-10-15
CMP-1342,LinkedIn_Medium_High-Value_Aug,LinkedIn,53037,1179,3216.2,58,9206.03,10669,High-Value,2025-08-30
CMP-1343,Instagram_Medium_Returning_Jul,Instagram,546487,70694,9958.93,1265,93506.28,10812,Returning,2025-07-08
CMP-1344,Instagram_Small_Returning_Aug,Instagram,40355,4461,713.37,56,6676.1,12351,Returning,2025-08-05
CMP-1345,Email_Medium_Returning_Dec,Email,250775,45089,249.83,2030,226389.55,13675,Returning,2025-12-28
CMP-1346,LinkedIn_Small_New_Jul,LinkedIn,20138,407,959.38,19,1198.35,12097,New,2025-07-21
CMP-1347,Facebook_Large_Returning_Nov,Facebook,2475053,195545,45464.17,3704,338593.66,14988,Returning,2025-11-18
CMP-1348,LinkedIn_Medium_Low-Value_Jul,LinkedIn,188516,4176,8620.3,167,5424.93,11947,Low-Value,2025-07-29
CMP-1349,Instagram_Small_New_Jul,Instagram,65799,7137,1222.02,118,7517.89,13440,New,2025-07-13
CMP-1350,LinkedIn_Small_Low-Value_Jul,LinkedIn,23090,371,1302.97,16,788.42,14095,Low-Value,2025-07-17
CMP-1351,LinkedIn_Large_New_Dec,LinkedIn,995873,19820,42061.48,836,87609.41,14711,New,2025-12-09
CMP-1352,Facebook_Medium_Returning_Sep,Facebook,356177,26902,5635.02,535,34777.6,10013,Returning,2025-09-13
CMP-1353,LinkedIn_Large_High-Value_Aug,LinkedIn,503389,9971,22987.04,473,98938.09,13413,High-Value,2025-08-31
CMP-1354,Facebook_Medium_New_Nov,Facebook,351257,36571,5675.57,864,111188.45,10555,New,2025-11-12
CMP-1355,LinkedIn_Medium_New_Oct,LinkedIn,97272,1896,4523.26,85,11397.41,10357,New,2025-10-08
CMP-1356,Email_Large_High-Value_Sep,Email,1339111,197771,1153.71,8344,2076847.37,10134,High-Value,2025-09-03
CMP-1357,Instagram_Small_New_Sep,Instagram,129560,16255,1842.68,201,20470.0,10850,New,2025-09-27
CMP-1358,LinkedIn_Small_High-Value_Aug,LinkedIn,15882,319,725.25,17,2656.27,12887,High-Value,2025-08-04
CMP-1359,LinkedIn_Small_High-Value_Dec,LinkedIn,13629,225,627.19,9,1366.35,13807,High-Value,2025-12-12
CMP-1360,Email_Small_Returning_Aug,Email,211856,29913,193.48,1099,93382.38,13750,Returning,2025-08-04
CMP-1361,Google Ads_Small_High-Value_Aug,Google Ads,70770,2474,1661.98,64,10544.6,11635,High-Value,2025-08-21
CMP-1362,Google Ads_Large_High-Value_Sep,Google Ads,1610506,58365,36412.11,1415,229690.94,13263,High-Value,2025-09-18
CMP-1363,LinkedIn_Small_Low-Value_Sep,LinkedIn,35841,794,1951.79,41,1289.79,11566,Low-Value,2025-09-03
CMP-1364,Instagram_Large_High-Value_Jul,Instagram,1031134,129428,18227.49,2154,531145.46,12720,High-Value,2025-07-13
CMP-1365,Instagram_Medium_New_Oct,Instagram,339912,48433,6242.42,813,64456.43,13277,New,2025-10-03
CMP-1366,Email_Small_Low-Value_Sep,Email,205023,31767,197.0,1396,61916.92,14065,Low-Value,2025-09-25
CMP-1367,Email_Medium_High-Value_Nov,Email,617303,86605,725.18,4057,745239.83,10677,High-Value,2025-11-10
CMP-1368,Email_Large_New_Oct,Email,2421052,354355,2488.67,14814,2137772.55,11479,New,2025-10-19
CMP-1369,LinkedIn_Small_High-Value_Sep,LinkedIn,14613,256,861.04,14,3456.2,10656,High-Value,2025-09-21
CMP-1370,Instagram_Medium_High-Value_Sep,Instagram,321938,44216,4287.25,755,217318.43,14937,High-Value,2025-09-17
CMP-1371,Email_Medium_Returning_Dec,Email,442782,65368,401.79,2972,365107.43,12880,Returning,2025-12-24
CMP-1372,Email_Large_New_Sep,Email,4362256,569910,4105.79,23206,3445324.6,13564,New,2025-09-29
CMP-1373,Instagram_Large_New_Jul,Instagram,2587776,268898,47495.52,3439,421614.49,13328,New,2025-07-20
CMP-1374,Instagram_Small_Returning_Jul,Instagram,101920,12259,1726.68,208,25642.27,14978,Returning,2025-07-08
CMP-1375,Email_Small_New_Aug,Email,136081,20480,131.34,752,80089.65,11934,New,2025-08-02
CMP-1376,Instagram_Large_High-Value_Oct,Instagram,2877568,364133,37555.41,6032,1049632.82,10266,High-Value,2025-10-07
CMP-1377,LinkedIn_Medium_Returning_Dec,LinkedIn,91504,1644,5692.46,89,13277.11,13039,Returning,2025-12-21
CMP-1378,Instagram_Large_Low-Value_Jul,Instagram,894452,120217,13967.12,1589,58240.9,11128,Low-Value,2025-07-20
CMP-1379,LinkedIn_Medium_High-Value_Oct,LinkedIn,164588,2880,7864.57,135,36121.78,12284,High-Value,2025-10-10
CMP-1380,Facebook_Large_New_Jul,Facebook,1433474,142481,32169.06,2319,288885.66,11525,New,2025-07-07
CMP-1381,Email_Small_Low-Value_Nov,Email,95098,13511,80.37,503,12306.72,12145,Low-Value,2025-11-21
CMP-1382,Instagram_Large_Low-Value_Aug,Instagram,1704831,245195,22224.17,3484,116568.78,12340,Low-Value,2025-08-24
CMP-1383,Email_Small_Returning_Aug,Email,182766,28435,158.31,1088,99293.26,10607,Returning,2025-08-01
CMP-1384,Email_Small_Returning_Oct,Email,123672,19438,154.34,732,94735.24,12619,Returning,2025-10-22
CMP-1385,Instagram_Large_New_Nov,Instagram,946911,112764,13719.63,1787,100939.34,12379,New,2025-11-18
CMP-1386,Instagram_Large_Returning_Dec,Instagram,2267723,278729,33199.35,4354,512234.14,11427,Returning,2025-12-27
CMP-1387,Instagram_Small_Returning_Aug,Instagram,103351,14014,1707.48,210,12118.22,11138,Returning,2025-08-01
CMP-1388,Facebook_Medium_Low-Value_Jul,Facebook,128041,12836,2468.41,278,12137.05,14539,Low-Value,2025-07-07
CMP-1389,LinkedIn_Large_High-Value_Oct,LinkedIn,599132,10292,30690.76,479,103034.29,11064,High-Value,2025-10-28
CMP-1390,LinkedIn_Medium_New_Jul,LinkedIn,48121,1000,2708.8,54,8091.08,13262,New,2025-07-17
CMP-1391,Email_Large_Low-Value_Oct,Email,5002326,726712,4732.45,30651,1335450.23,10605,Low-Value,2025-10-13
CMP-1392,Facebook_Small_High-Value_Dec,Facebook,36282,3709,677.5,70,16504.66,13687,High-Value,2025-12-12
CMP-1393,Email_Large_High-Value_Aug,Email,2928139,415017,3351.08,15501,2386061.28,14816,High-Value,2025-08-02
CMP-1394,Facebook_Large_Returning_Oct,Facebook,690158,56476,10967.67,1137,90815.1,10454,Returning,2025-10-19
CMP-1395,Google Ads_Small_Returning_Sep,Google Ads,69080,2685,1911.02,92,12345.79,11327,Returning,2025-09-16
CMP-1396,Instagram_Large_Returning_Sep,Instagram,1303719,153829,17444.06,2291,145130.26,12327,Returning,2025-09-27
CMP-1397,Google Ads_Large_High-Value_Aug,Google Ads,577190,23054,13224.06,674,174853.28,14513,High-Value,2025-08-20
CMP-1398,Instagram_Medium_Returning_Dec,Instagram,467711,58599,8124.1,750,93853.13,14371,Returning,2025-12-08
CMP-1399,Google Ads_Large_Returning_Nov,Google Ads,1716170,56810,36278.21,1402,109662.63,11264,Returning,2025-11-29
CMP-1400,Facebook_Small_High-Value_Nov,Facebook,44568,4662,892.56,83,15835.77,10233,High-Value,2025-11-22
CMP-1401,Google Ads_Large_New_Dec,Google Ads,1582568,70309,40375.93,1742,172034.9,12169,New,2025-12-12
CMP-1402,Facebook_Large_Low-Value_Dec,Facebook,519996,54408,11344.54,931,33490.51,10249,Low-Value,2025-12-06
CMP-1403,Email_Medium_High-Value_Dec,Email,496581,86400,528.88,2794,697294.26,13957,High-Value,2025-12-12
CMP-1404,Facebook_Medium_Low-Value_Sep,Facebook,552265,58388,9707.16,958,31196.12,10598,Low-Value,2025-09-15
CMP-1405,Google Ads_Medium_Returning_Oct,Google Ads,178323,8506,4081.26,230,26546.02,13967,Returning,2025-10-21
CMP-1406,Email_Large_Returning_Sep,Email,1839229,271904,1792.39,12929,1433214.91,11177,Returning,2025-09-26
CMP-1407,Instagram_Medium_High-Value_Sep,Instagram,270381,27919,4796.05,372,69803.94,11072,High-Value,2025-09-27
CMP-1408,Instagram_Small_New_Sep,Instagram,121294,14691,1775.92,186,25298.6,13822,New,2025-09-20
CMP-1409,Google Ads_Small_High-Value_Oct,Google Ads,52410,2270,1584.22,69,11195.86,11155,High-Value,2025-10-24
CMP-1410,Google Ads_Medium_New_Sep,Google Ads,225268,7806,5666.41,275,37124.32,13426,New,2025-09-13
CMP-1411,Facebook_Large_Returning_Sep,Facebook,2011470,174642,36760.89,3703,387123.42,12562,Returning,2025-09-22
CMP-1412,Facebook_Large_Returning_Nov,Facebook,697410,70459,12490.92,1386,76501.18,13825,Returning,2025-11-05
CMP-1413,Email_Small_High-Value_Nov,Email,147880,20040,167.94,694,138475.39,10738,High-Value,2025-11-05
CMP-1414,Email_Small_Low-Value_Aug,Email,164780,21799,163.51,1003,46526.62,14779,Low-Value,2025-08-31
CMP-1415,Instagram_Medium_New_Jul,Instagram,535199,62971,8964.63,1127,143355.81,14055,New,2025-07-13
CMP-1416,LinkedIn_Large_Low-Value_Sep,LinkedIn,183170,3610,11086.7,210,7593.82,10067,Low-Value,2025-09-12
CMP-1417,Google Ads_Medium_Low-Value_Aug,Google Ads,201535,8566,5982.5,290,9109.65,12997,Low-Value,2025-08-04
CMP-1418,Email_Medium_High-Value_Jul,Email,972928,128646,820.49,5193,1002616.11,10420,High-Value,2025-07-12
CMP-1419,LinkedIn_Large_Returning_Oct,LinkedIn,860177,18129,41714.18,1014,90851.41,12365,Returning,2025-10-01
CMP-1420,Google Ads_Medium_Low-Value_Nov,Google Ads,377754,13042,9320.72,421,18438.89,14505,Low-Value,2025-11-07
CMP-1421,Instagram_Small_New_Aug,Instagram,74297,10364,975.14,141,20917.65,13227,New,2025-08-02
CMP-1422,Instagram_Medium_High-Value_Nov,Instagram,183541,19242,3125.69,334,82880.06,11182,High-Value,2025-11-20
CMP-1423,Facebook_Small_Low-Value_Nov,Facebook,39487,3717,728.16,61,2834.82,10372,Low-Value,2025-11-06
CMP-1424,Google Ads_Medium_Returning_Sep,Google Ads,337855,16039,8428.83,465,69011.13,14255,Returning,2025-09-24
CMP-1425,Email_Large_Returning_Dec,Email,3869467,502865,3671.68,23187,2150570.34,11146,Returning,2025-12-03
CMP-1426,Instagram_Medium_High-Value_Aug,Instagram,176994,21746,3297.87,329,84850.1,12452,High-Value,2025-08-11
CMP-1427,LinkedIn_Large_High-Value_Nov,LinkedIn,758739,16579,45610.32,725,202076.75,14361,High-Value,2025-11-07
CMP-1428,Email_Small_High-Value_Oct,Email,175680,28568,172.86,1057,233253.67,13018,High-Value,2025-10-30
CMP-1429,Instagram_Large_New_Oct,Instagram,2811135,318148,42865.48,4761,632379.47,12521,New,2025-10-15
CMP-1430,Google Ads_Large_Low-Value_Sep,Google Ads,814145,35327,23408.32,1197,27553.89,14739,Low-Value,2025-09-06
CMP-1431,LinkedIn_Large_Returning_Jul,LinkedIn,335774,6307,19594.96,309,38588.73,13936,Returning,2025-07-14
CMP-1432,Facebook_Large_Low-Value_Aug,Facebook,2099416,177790,36045.9,4041,137954.14,11985,Low-Value,2025-08-07
CMP-1433,Google Ads_Small_New_Aug,Google Ads,82971,2822,1968.66,90,7425.94,13613,New,2025-08-18
CMP-1434,Instagram_Medium_Low-Value_Aug,Instagram,413410,43157,7490.62,739,19816.57,11671,Low-Value,2025-08-08
CMP-1435,Email_Large_Low-Value_Jul,Email,3964266,628625,4348.16,27097,958682.18,11132,Low-Value,2025-07-16
CMP-1436,LinkedIn_Medium_Returning_Nov,LinkedIn,78637,1279,4442.49,58,6688.34,13919,Returning,2025-11-21
CMP-1437,LinkedIn_Small_Low-Value_Sep,LinkedIn,43813,969,1907.46,54,2157.28,13766,Low-Value,2025-09-19
CMP-1438,LinkedIn_Medium_High-Value_Nov,LinkedIn,94944,2028,4082.29,103,17164.79,12166,High-Value,2025-11-17
CMP-1439,LinkedIn_Small_Low-Value_Aug,LinkedIn,23040,527,1170.58,26,816.71,12286,Low-Value,2025-08-19
CMP-1440,LinkedIn_Medium_High-Value_Aug,LinkedIn,165723,3211,9814.4,131,34189.12,12368,High-Value,2025-08-27
CMP-1441,Facebook_Medium_Low-Value_Sep,Facebook,473468,48719,9344.61,893,42259.53,12858,Low-Value,2025-09-20
CMP-1442,LinkedIn_Small_High-Value_Sep,LinkedIn,36597,590,1630.94,34,8806.02,14698,High-Value,2025-09-12
CMP-1443,LinkedIn_Medium_Low-Value_Oct,LinkedIn,100455,1833,4438.01,105,2454.63,11200,Low-Value,2025-10-10
CMP-1444,Instagram_Large_New_Sep,Instagram,2584563,260094,38147.44,3498,179238.93,10648,New,2025-09-12
CMP-1445,Instagram_Medium_Low-Value_Dec,Instagram,352869,44010,5750.14,606,17572.53,13925,Low-Value,2025-12-15
CMP-1446,Facebook_Medium_Returning_Nov,Facebook,361635,37792,7945.55,862,100664.76,14605,Returning,2025-11-15
CMP-1447,Instagram_Large_Returning_Jul,Instagram,2601441,272880,33728.86,3403,251655.31,14808,Returning,2025-07-28
CMP-1448,Facebook_Large_Returning_Jul,Facebook,1889219,175661,41783.13,4209,570612.49,14351,Returning,2025-07-13
CMP-1449,Facebook_Small_Returning_Jul,Facebook,58798,5993,1282.17,124,7625.17,13386,Returning,2025-07-14
CMP-1450,Instagram_Large_Low-Value_Jul,Instagram,1067196,136730,13754.29,2321,107623.3,11127,Low-Value,2025-07-26
CMP-1451,Google Ads_Large_Returning_Oct,Google Ads,1324011,51486,32870.89,1431,133740.68,13897,Returning,2025-10-13
CMP-1452,Email_Medium_Returning_Sep,Email,852498,147952,819.1,5784,640340.61,12339,Returning,2025-09-12
CMP-1453,Google Ads_Large_New_Dec,Google Ads,1461812,63211,35252.3,1697,171798.13,11903,New,2025-12-14
CMP-1454,LinkedIn_Medium_New_Aug,LinkedIn,54057,1075,2833.8,57,8268.03,11441,New,2025-08-14
CMP-1455,Google Ads_Small_Low-Value_Nov,Google Ads,61499,2466,1400.98,77,1703.85,12372,Low-Value,2025-11-04
CMP-1456,Google Ads_Large_New_Sep,Google Ads,762431,30161,20175.66,740,47361.78,14938,New,2025-09-15
CMP-1457,Google Ads_Medium_High-Value_Sep,Google Ads,200377,7474,4214.51,222,39830.05,14451,High-Value,2025-09-11
CMP-1458,LinkedIn_Large_Low-Value_Aug,LinkedIn,628213,11091,34431.2,558,11252.17,13835,Low-Value,2025-08-04
CMP-1459,Instagram_Medium_Returning_Jul,Instagram,121978,11924,2061.31,150,12582.91,11332,Returning,2025-07-29
CMP-1460,Email_Small_High-Value_Aug,Email,175298,26427,170.39,969,280780.4,12762,High-Value,2025-08-17
CMP-1461,Instagram_Large_Returning_Aug,Instagram,1440405,180942,25880.6,2294,193894.19,13322,Returning,2025-08-14
CMP-1462,Email_Medium_High-Value_Jul,Email,696630,104224,605.93,4506,1346944.9,10782,High-Value,2025-07-23
CMP-1463,Facebook_Medium_Returning_Oct,Facebook,154272,13298,3051.91,257,23413.24,12033,Returning,2025-10-31
CMP-1464,Google Ads_Small_High-Value_Oct,Google Ads,80831,3372,1861.42,93,25441.88,13660,High-Value,2025-10-07
CMP-1465,Instagram_Large_High-Value_Sep,Instagram,3626362,348403,48202.42,5511,868921.06,14694,High-Value,2025-09-16
CMP-1466,Google Ads_Medium_High-Value_Dec,Google Ads,133814,5574,4060.86,179,29923.99,11936,High-Value,2025-12-15
CMP-1467,Google Ads_Medium_New_Oct,Google Ads,199277,7553,5070.71,192,17643.8,11309,New,2025-10-28
CMP-1468,Email_Small_High-Value_Dec,Email,134761,16819,162.68,633,184366.86,12417,High-Value,2025-12-24
CMP-1469,Instagram_Small_Returning_Aug,Instagram,107351,12170,1502.86,189,9641.48,13918,Returning,2025-08-26
CMP-1470,Facebook_Medium_Low-Value_Dec,Facebook,458924,43163,7088.77,992,41385.44,13407,Low-Value,2025-12-03
CMP-1471,LinkedIn_Large_Low-Value_Nov,LinkedIn,344169,5689,14822.34,288,6988.06,11790,Low-Value,2025-11-15
CMP-1472,Facebook_Medium_New_Nov,Facebook,112686,9310,2093.65,185,19928.2,14327,New,2025-11-12
CMP-1473,Instagram_Small_New_Nov,Instagram,32021,3932,565.61,55,6760.45,10506,New,2025-11-22
CMP-1474,LinkedIn_Large_Returning_Nov,LinkedIn,821620,17697,36091.67,860,100875.13,11228,Returning,2025-11-24
CMP-1475,Facebook_Medium_High-Value_Nov,Facebook,215412,21628,4203.05,423,114107.23,10953,High-Value,2025-11-11
CMP-1476,Facebook_Large_Low-Value_Jul,Facebook,2724012,286018,42896.89,5562,164446.12,13650,Low-Value,2025-07-24
CMP-1477,Google Ads_Large_Low-Value_Aug,Google Ads,1262903,52558,33287.95,1706,69352.57,13404,Low-Value,2025-08-03
CMP-1478,Email_Medium_New_Nov,Email,433062,63154,499.64,2165,300956.01,12525,New,2025-11-21
CMP-1479,Google Ads_Small_Low-Value_Sep,Google Ads,35119,1138,1018.82,36,1407.85,11786,Low-Value,2025-09-04
CMP-1480,LinkedIn_Medium_New_Jul,LinkedIn,78307,1509,4724.83,69,8122.13,12823,New,2025-07-12
CMP-1481,Google Ads_Medium_New_Jul,Google Ads,259016,9191,6846.23,329,31386.65,10260,New,2025-07-18
CMP-1482,Instagram_Small_Low-Value_Aug,Instagram,87472,10436,1532.41,126,4430.62,13444,Low-Value,2025-08-16
CMP-1483,Instagram_Medium_Low-Value_Oct,Instagram,617486,60434,9712.14,736,23286.75,13078,Low-Value,2025-10-23
CMP-1484,Google Ads_Medium_Returning_Dec,Google Ads,106191,4682,3280.2,138,10891.58,10972,Returning,2025-12-15
CMP-1485,Facebook_Small_Low-Value_Nov,Facebook,87002,9258,1850.12,171,7977.51,11825,Low-Value,2025-11-13
CMP-1486,Google Ads_Medium_New_Sep,Google Ads,308610,14734,6823.54,404,59029.87,14461,New,2025-09-15
CMP-1487,Email_Small_Low-Value_Aug,Email,103457,14527,108.42,590,14528.37,13774,Low-Value,2025-08-28
CMP-1488,Instagram_Small_Returning_Sep,Instagram,90184,11955,1330.57,203,19090.96,10925,Returning,2025-09-09
CMP-1489,Google Ads_Small_Low-Value_Dec,Google Ads,34468,1210,953.5,29,877.93,11972,Low-Value,2025-12-05
CMP-1490,Facebook_Large_New_Jul,Facebook,1371797,126311,20809.91,2371,256178.87,10276,New,2025-07-26
CMP-1491,Email_Large_New_Sep,Email,1521942,239818,1556.79,9550,861198.75,10363,New,2025-09-01
CMP-1492,Email_Large_Low-Value_Aug,Email,5732279,902285,4975.39,37092,1432486.16,11780,Low-Value,2025-08-29
CMP-1493,Google Ads_Medium_Returning_Nov,Google Ads,138362,4514,3610.5,134,13976.53,11919,Returning,2025-11-06
CMP-1494,LinkedIn_Large_High-Value_Nov,LinkedIn,453140,10547,19109.99,574,132024.59,12627,High-Value,2025-11-25
CMP-1495,Facebook_Large_High-Value_Aug,Facebook,2121124,213084,44798.77,3622,974794.65,14271,High-Value,2025-08-06
CMP-1496,Facebook_Medium_Low-Value_Sep,Facebook,268921,28501,4206.14,489,16567.45,10500,Low-Value,2025-09-15
CMP-1497,LinkedIn_Large_Returning_Dec,LinkedIn,978253,22410,49239.5,1160,101538.27,13500,Returning,2025-12-08
CMP-1498,LinkedIn_Medium_Low-Value_Jul,LinkedIn,75548,1669,4286.27,79,2791.72,13123,Low-Value,2025-07-13
CMP-1499,LinkedIn_Medium_High-Value_Dec,LinkedIn,122443,2806,5938.6,167,35259.98,13345,High-Value,2025-12-26
